Id,SalePrice_processed,SalePrice_raw
1461,113800.56,149769.34
1462,158723.17,-237318.28
1463,188380.1,178942.81
1464,211856.62,185994.5
1465,182574.92,153706.62
1466,179142.89,163589.56
1467,188920.42,159879.38
1468,175455.23,141460.86
1469,193089.62,176875.72
1470,112396.94,139617.7
1471,193335.25,179665.44
1472,95543.56,119730.19
1473,94076.56,116663.67
1474,143258.3,150467.02
1475,86120.45,86967.016
1476,328298.06,260420.4
1477,249253.19,215709.56
1478,294617.75,251132.12
1479,286081.88,225605.9
1480,436615.03,405302.94
1481,306548.88,274048.44
1482,215786.98,164961.0
1483,179998.39,142068.4
1484,170092.38,133305.03
1485,198385.28,131854.0
1486,206658.6,171125.72
1487,302013.53,286530.28
1488,246917.69,231140.1
1489,192670.9,163727.94
1490,244491.11,204065.53
1491,203062.06,172719.38
1492,84419.79,107614.09
1493,205999.9,181162.06
1494,286901.2,275987.84
1495,271817.72,265473.38
1496,233923.92,191791.25
1497,166639.86,163475.16
1498,159201.39,132453.58
1499,162681.1,130407.125
1500,160890.75,141217.81
1501,209950.73,201398.62
1502,150648.81,116284.44
1503,282953.97,244531.16
1504,241441.14,216112.75
1505,232640.95,209774.5
1506,199352.14,210140.94
1507,252798.08,264184.0
1508,202344.94,204719.4
1509,152271.36,153081.97
1510,157144.42,165882.94
1511,143430.36,148987.52
1512,188466.42,204177.69
1513,139321.02,151440.0
1514,167231.28,168891.22
1515,216509.67,222239.9
1516,167510.62,154489.69
1517,174969.73,99472.83
1518,117874.734,166604.31
1519,235888.75,226058.47
1520,122382.98,139587.89
1521,124535.58,138324.64
1522,204003.06,200735.84
1523,89196.61,111170.55
1524,103277.67,107302.16
1525,106128.37,98278.39
1526,95921.19,83876.78
1527,110742.39,117993.39
1528,136105.22,142202.25
1529,140578.84,146326.08
1530,224643.72,215481.78
1531,143738.73,182233.4
1532,107514.24,94871.625
1533,148345.39,166289.66
1534,119027.28,109815.56
1535,157702.47,143814.56
1536,107079.5,99841.266
1537,74011.36,119469.56
1538,168054.6,130703.0
1539,203007.77,191504.78
1540,119747.984,134666.73
1541,146788.55,154217.69
1542,133917.81,157034.22
1543,186237.72,177506.81
1544,80524.35,83510.33
1545,110091.03,100964.06
1546,150402.98,134937.42
1547,138775.92,149618.34
1548,128315.07,139071.98
1549,124302.46,140679.72
1550,142306.98,156412.62
1551,113305.34,122708.39
1552,147177.2,168710.78
1553,162841.78,139796.0
1554,107995.46,97511.81
1555,173545.34,176428.47
1556,74896.95,80790.11
1557,104192.16,102259.25
1558,85037.11,85911.58
1559,75115.766,116588.3
1560,124954.0,155852.1
1561,127155.11,163516.16
1562,126172.11,115780.78
1563,114284.11,117016.97
1564,162222.17,177027.97
1565,154979.97,156713.69
1566,244798.42,225774.72
1567,69587.695,91965.45
1568,245851.84,233934.56
1569,139862.19,132189.25
1570,140800.7,118166.516
1571,106356.03,93309.734
1572,144891.95,151324.34
1573,235069.1,203611.72
1574,129160.76,147404.67
1575,235170.6,220691.03
1576,261604.28,257002.22
1577,189551.88,162316.06
1578,149225.64,135169.42
1579,137805.64,133268.47
1580,198263.97,174108.0
1581,160399.4,133252.11
1582,123367.36,119694.8
1583,307013.9,294689.97
1584,231212.6,220148.12
1585,151101.11,124963.72
1586,60456.125,46108.418
1587,87225.66,85009.69
1588,148908.72,144333.69
1589,107040.484,120188.0
1590,119851.016,120447.17
1591,82601.9,86333.05
1592,146325.17,131837.53
1593,126975.06,117318.97
1594,119385.33,137534.22
1595,109699.03,131575.3
1596,221449.5,214248.47
1597,184733.1,205094.75
1598,200581.84,146356.08
1599,176237.83,152527.03
1600,171807.38,147951.47
1601,43709.266,57379.652
1602,117256.05,140978.42
1603,60876.438,76593.95
1604,270946.84,220498.12
1605,247254.5,218111.97
1606,163420.48,163959.1
1607,163561.11,216005.03
1608,229390.03,181867.72
1609,188418.66,147064.0
1610,162252.88,127740.03
1611,145280.42,140433.14
1612,185773.5,167157.38
1613,190559.52,184655.34
1614,131748.42,114216.41
1615,88046.96,87456.41
1616,66360.58,72956.17
1617,81677.53,85772.84
1618,109498.03,106728.78
1619,149367.98,137316.36
1620,181791.94,208073.5
1621,131142.83,141540.53
1622,144293.7,129492.0
1623,263498.66,213406.66
1624,227743.25,215986.1
1625,107251.39,119242.336
1626,198230.8,202410.28
1627,199062.25,183461.22
1628,272040.9,248046.03
1629,174532.61,129380.35
1630,313220.56,284514.38
1631,213325.97,170339.44
1632,224883.5,191690.25
1633,181755.64,137774.61
1634,199246.44,169566.75
1635,185890.25,155897.31
1636,159065.89,140210.05
1637,206665.47,215888.47
1638,203017.42,210428.22
1639,198271.83,195923.72
1640,239699.84,249900.88
1641,186505.25,184145.56
1642,243248.0,198371.66
1643,218388.12,195098.47
1644,230533.34,202099.12
1645,226396.38,229390.66
1646,167954.6,162435.56
1647,156964.83,154299.75
1648,128186.766,137962.5
1649,136478.1,131045.555
1650,123565.63,139381.25
1651,122618.74,129392.96
1652,101610.39,109715.73
1653,100865.11,107818.87
1654,142466.16,148643.73
1655,118941.53,129822.99
1656,135097.61,140316.86
1657,147740.1,147496.11
1658,146224.14,145145.53
1659,105056.84,104984.02
1660,159757.19,121804.52
1661,401248.4,344233.2
1662,330216.34,293592.16
1663,340570.9,303039.84
1664,418168.97,375352.2
1665,298263.72,252917.38
1666,316997.3,273553.03
1667,323898.62,274069.44
1668,320626.03,270167.28
1669,290541.0,227538.12
1670,321564.72,269230.44
1671,277189.38,250763.53
1672,384016.7,352781.8
1673,293721.44,248965.66
1674,258088.34,243472.28
1675,209514.55,179903.31
1676,211946.44,186340.69
1677,228962.11,178099.03
1678,420448.72,381396.6
1679,351208.1,302919.9
1680,301809.53,249315.62
1681,253411.38,197238.25
1682,306044.84,251347.6
1683,200267.58,167507.22
1684,193447.3,143474.89
1685,187880.9,142865.86
1686,178508.75,136196.28
1687,179451.52,127286.85
1688,209359.5,174515.0
1689,208400.62,169766.5
1690,213373.27,158273.12
1691,201346.86,149584.36
1692,258194.11,211796.9
1693,170476.77,124163.71
1694,192741.7,157593.1
1695,167384.89,125660.945
1696,268610.75,261737.5
1697,176909.66,126876.04
1698,324796.03,307378.22
1699,315270.75,302453.88
1700,263202.75,239882.88
1701,269812.0,259180.38
1702,248122.7,243672.5
1703,255270.53,226265.53
1704,277460.38,253709.53
1705,252246.02,197381.56
1706,361184.28,335809.03
1707,214409.14,168523.6
1708,207724.2,183823.16
1709,266468.97,234918.0
1710,229001.1,198697.69
1711,276911.28,226559.78
1712,258880.16,219637.31
1713,271111.66,236268.44
1714,224062.3,207758.47
1715,204395.84,180691.78
1716,183994.88,155664.66
1717,185689.66,149779.17
1718,135122.1,110934.98
1719,212602.48,176393.0
1720,234260.86,236902.69
1721,171647.0,155713.47
1722,123497.45,102304.13
1723,166725.36,153464.12
1724,215380.72,199843.38
1725,233224.67,216433.28
1726,188361.45,179029.4
1727,151990.77,145003.78
1728,181525.9,165468.53
1729,167777.38,150474.03
1730,164815.28,153602.94
1731,111636.22,119588.055
1732,134188.7,150790.92
1733,103370.625,126887.88
1734,107485.516,122336.99
1735,118880.914,110444.6
1736,91838.58,100449.195
1737,306254.7,315933.9
1738,251977.62,220059.31
1739,257591.98,270650.25
1740,233167.95,204090.94
1741,209005.31,183095.12
1742,183363.36,170409.6
1743,185361.64,157454.97
1744,314594.16,282206.34
1745,219464.19,188520.6
1746,189185.06,205201.28
1747,220403.44,230531.22
1748,226709.0,241119.03
1749,148906.14,158702.72
1750,126081.78,151646.16
1751,254723.19,246209.47
1752,102846.93,104012.48
1753,155039.89,170565.31
1754,204690.89,223579.06
1755,178123.19,176301.34
1756,135926.4,136220.72
1757,105909.03,99506.02
1758,161872.08,181841.84
1759,176960.44,186589.66
1760,182492.33,193433.53
1761,179613.14,179143.19
1762,180856.08,183296.66
1763,173419.98,158026.1
1764,103518.34,108432.65
1765,168150.9,190896.4
1766,202975.78,199851.84
1767,250000.44,228504.97
1768,140352.47,149990.19
1769,174145.86,155262.06
1770,163240.67,126160.04
1771,109234.62,120702.04
1772,128884.836,155715.5
1773,125569.67,126908.87
1774,162231.78,210314.25
1775,132254.55,122864.85
1776,122709.625,127912.98
1777,96550.69,92864.02
1778,141608.5,118691.04
1779,133984.31,123657.77
1780,178593.02,146449.6
1781,113137.945,125966.35
1782,72994.945,92842.18
1783,158660.9,150674.36
1784,107864.41,76994.586
1785,121042.15,106756.02
1786,157702.42,112767.96
1787,173204.27,153584.72
1788,52272.42,51176.69
1789,104221.875,107724.836
1790,74359.63,75226.54
1791,216229.45,270804.1
1792,163797.52,170743.38
1793,132877.47,132274.9
1794,171910.83,116692.086
1795,120361.59,127675.82
1796,120803.14,98435.336
1797,132505.53,176285.78
1798,109752.195,105705.21
1799,92324.34,92344.6
1800,102943.76,98306.02
1801,127281.45,134880.22
1802,143537.23,133649.83
1803,157508.61,181551.47
1804,134410.9,138134.77
1805,131780.84,122511.695
1806,120801.39,114804.23
1807,145415.86,156397.53
1808,129982.86,109627.99
1809,133567.69,91246.664
1810,144066.6,152288.31
1811,87321.77,87354.21
1812,99433.68,99391.35
1813,115182.234,124780.48
1814,84554.695,82248.27
1815,48950.945,48402.3
1816,85974.56,74154.96
1817,122514.91,144038.52
1818,156899.88,167318.84
1819,127263.625,116170.01
1820,53100.188,72056.555
1821,102050.06,82422.27
1822,158838.05,141385.66
1823,34183.664,46516.504
1824,140204.55,137113.61
1825,144201.23,138131.78
1826,94182.31,115367.586
1827,100636.64,96666.49
1828,141233.83,152390.06
1829,164439.33,183269.0
1830,151320.86,162671.44
1831,147391.94,127914.914
1832,83157.79,152498.03
1833,133751.83,146105.03
1834,115072.86,115675.18
1835,136092.58,136909.6
1836,116308.34,146012.33
1837,88024.19,88045.87
1838,116166.58,93426.586
1839,95848.375,68535.32
1840,157889.14,130133.46
1841,122548.63,125405.32
1842,88124.414,89775.48
1843,146661.86,162066.25
1844,125483.39,111282.914
1845,143866.6,133760.16
1846,146474.02,138400.62
1847,173850.9,170786.38
1848,41700.895,33407.098
1849,121350.34,107007.35
1850,108905.195,117491.37
1851,137787.78,137664.44
1852,121755.414,129610.13
1853,130883.28,119171.76
1854,163951.2,139008.05
1855,144573.72,113460.85
1856,238458.33,202272.78
1857,141697.61,140728.86
1858,129967.6,177962.38
1859,106132.016,101517.24
1860,152948.45,184882.1
1861,107666.43,100389.6
1862,310433.03,299119.9
1863,302398.16,301168.7
1864,302413.4,301149.34
1865,326921.16,279567.28
1866,316889.16,271000.0
1867,236033.77,217349.47
1868,296345.28,256041.75
1869,221295.3,193023.44
1870,232845.9,209754.97
1871,257441.97,213445.25
1872,191943.53,140308.25
1873,246367.94,212104.34
1874,150456.2,136510.0
1875,199559.22,183903.03
1876,211892.02,196553.72
1877,214144.55,201305.12
1878,215309.08,196162.66
1879,122103.266,113908.88
1880,129696.84,127734.68
1881,256676.73,272854.34
1882,248230.12,229080.56
1883,188569.11,170970.9
1884,202001.94,198922.38
1885,235137.78,211746.38
1886,276257.22,243860.69
1887,230118.52,201441.97
1888,273841.47,248861.31
1889,186167.33,140701.9
1890,119120.5,142826.31
1891,128904.59,114731.52
1892,85776.55,100118.35
1893,120049.92,92441.88
1894,118442.2,134889.78
1895,137308.45,159269.94
1896,116807.8,125773.836
1897,120852.875,128239.305
1898,110921.234,117791.02
1899,154699.97,115760.37
1900,146692.03,113665.055
1901,169773.8,153188.34
1902,147921.9,164211.9
1903,208431.08,198863.12
1904,141581.52,131031.32
1905,201108.47,189160.38
1906,161636.14,139555.23
1907,216872.66,227014.16
1908,110418.07,115390.336
1909,143313.25,135263.19
1910,124091.516,124379.305
1911,219043.06,160383.69
1912,298466.28,257853.97
1913,191784.86,186337.81
1914,50383.055,51651.49
1915,291277.03,220635.22
1916,43105.453,53143.52
1917,243566.98,229180.25
1918,136382.1,126778.27
1919,179749.25,175716.06
1920,170137.73,186917.84
1921,351488.56,293234.88
1922,302916.5,254418.56
1923,228933.42,125372.98
1924,250754.12,222624.47
1925,216386.5,190333.81
1926,347980.84,306008.34
1927,124794.22,133301.9
1928,173875.97,166737.03
1929,110200.56,101081.77
1930,118369.05,90710.24
1931,145457.55,142658.38
1932,135973.42,135673.72
1933,188365.53,190361.22
1934,189973.8,169068.36
1935,183035.53,164768.11
1936,194676.67,175391.67
1937,187357.05,162702.08
1938,178164.77,152706.3
1939,235937.17,190483.05
1940,184587.67,150053.36
1941,178594.27,157627.23
1942,181000.44,173377.42
1943,206655.58,144451.97
1944,317999.3,253313.67
1945,333176.28,268079.62
1946,144421.66,125058.164
1947,272872.72,219568.73
1948,184297.67,159011.95
1949,243742.16,215311.33
1950,195741.56,185690.55
1951,256078.75,266058.22
1952,216093.78,240443.64
1953,193320.53,192264.3
1954,194936.98,193752.08
1955,128883.984,133292.6
1956,296643.3,350321.84
1957,162451.45,166064.89
1958,289567.38,277896.7
1959,139243.31,159707.23
1960,89079.33,103897.086
1961,122194.266,124516.555
1962,92872.28,105249.71
1963,112405.72,135637.94
1964,106081.41,123142.914
1965,130888.72,138447.77
1966,124628.33,124352.57
1967,291702.94,253888.83
1968,375592.53,338527.78
1969,343664.12,286201.2
1970,364672.0,333329.6
1971,401982.72,363884.62
1972,348532.75,311537.0
1973,277438.1,218670.39
1974,313867.12,269696.66
1975,423215.53,361291.78
1976,285454.47,254715.73
1977,349464.4,327748.8
1978,321292.06,291841.62
1979,309352.4,255260.89
1980,205199.69,150639.25
1981,328450.5,289873.8
1982,228479.31,177249.45
1983,211362.53,163056.73
1984,180747.67,153140.08
1985,239009.45,209961.14
1986,227516.7,204966.08
1987,194127.23,150982.73
1988,192956.58,144235.05
1989,205996.1,168669.33
1990,224719.23,195498.36
1991,237769.36,180807.45
1992,236425.14,220194.92
1993,183181.81,145068.8
1994,226222.33,219710.27
1995,194179.94,160697.05
1996,282376.56,269536.03
1997,292096.78,253403.05
1998,306050.56,308205.6
1999,283607.6,225903.02
2000,296055.06,280396.25
2001,286271.3,272009.44
2002,251549.34,212886.11
2003,263025.25,233462.33
2004,291521.4,252953.77
2005,226033.22,177238.36
2006,214903.72,179421.83
2007,256841.39,222005.05
2008,228004.22,182806.7
2009,206051.16,180150.42
2010,201542.33,172293.83
2011,143354.06,118500.82
2012,179548.02,139180.7
2013,178125.8,165972.42
2014,191734.47,183429.83
2015,201181.94,116342.12
2016,200141.97,182277.7
2017,196853.94,182810.17
2018,115291.16,114158.18
2019,138194.02,126465.21
2020,81409.61,87768.98
2021,82841.82,77204.6
2022,203894.7,174486.33
2023,136418.14,160862.11
2024,284296.3,276650.44
2025,336603.8,317744.8
2026,172620.89,141325.5
2027,164191.53,128341.164
2028,155553.89,137843.7
2029,171880.44,157818.48
2030,256508.4,218397.89
2031,234412.16,195520.7
2032,237463.73,191290.8
2033,241291.23,209045.36
2034,171101.22,152292.89
2035,236362.52,211887.02
2036,213138.47,192141.11
2037,213341.2,196209.61
2038,276912.66,246812.48
2039,211718.08,160899.77
2040,310425.94,332665.03
2041,280508.56,216779.3
2042,210019.61,184338.05
2043,178340.12,171515.23
2044,183909.44,198493.67
2045,200421.77,170091.2
2046,131289.53,158730.55
2047,137634.47,149873.16
2048,147760.17,142774.6
2049,143132.33,171661.67
2050,158443.45,162841.67
2051,101413.54,78657.18
2052,119330.42,133080.55
2053,148094.62,134834.73
2054,67957.984,74218.164
2055,160205.7,171540.7
2056,147985.86,116971.27
2057,102567.45,125982.82
2058,233317.77,215503.55
2059,140758.61,145219.78
2060,188512.73,187005.89
2061,184431.62,208404.83
2062,115673.81,130588.21
2063,101805.2,89204.26
2064,139961.67,157092.64
2065,110398.49,120213.93
2066,181130.53,137857.75
2067,136296.66,117681.055
2068,141956.84,171119.83
2069,79339.21,70063.73
2070,97787.625,102352.586
2071,100977.95,84130.82
2072,171294.9,215283.98
2073,129700.4,119430.74
2074,189591.67,-43224.01
2075,151017.64,149383.98
2076,122916.09,127428.51
2077,148312.45,144504.05
2078,111089.97,114136.1
2079,134194.9,151073.84
2080,104497.086,100786.555
2081,106110.03,120053.71
2082,130355.16,141970.83
2083,140004.23,152226.67
2084,94340.09,93392.414
2085,98519.516,109384.26
2086,130790.47,98618.51
2087,124128.11,123203.99
2088,104474.64,127569.38
2089,61677.66,72940.52
2090,130117.82,109822.555
2091,100258.75,88865.18
2092,148908.72,155384.89
2093,130033.695,132840.75
2094,118867.44,96075.32
2095,140331.02,157683.08
2096,74627.48,67940.18
2097,101779.01,89700.96
2098,146321.48,186867.17
2099,39559.0,48492.84
2100,76629.21,96781.445
2101,126524.42,129182.32
2102,123757.44,126128.945
2103,94392.88,76749.93
2104,124640.41,157291.45
2105,143592.33,122578.055
2106,48735.08,90550.46
2107,214741.95,210281.73
2108,117076.234,115392.38
2109,104076.03,104651.1
2110,129078.29,133199.98
2111,137460.06,141303.75
2112,136502.11,146405.72
2113,108238.85,111372.29
2114,112098.91,91368.945
2115,154536.83,150766.44
2116,123958.875,106727.664
2117,159221.53,179992.83
2118,110415.67,118467.85
2119,105446.55,85629.445
2120,121919.94,106073.85
2121,98260.0,66084.664
2122,115388.58,110869.04
2123,84584.8,56985.355
2124,162409.5,181063.8
2125,143598.73,180940.39
2126,166648.36,173286.64
2127,173017.0,147373.75
2128,126315.57,134433.92
2129,82756.53,96221.555
2130,126355.44,134280.9
2131,156485.94,130684.4
2132,121367.45,119918.914
2133,129188.95,113973.12
2134,126412.484,124037.1
2135,105207.016,99504.555
2136,53733.47,62110.23
2137,109086.266,96824.195
2138,128181.34,129925.02
2139,146737.6,139436.48
2140,138560.64,106692.21
2141,145846.48,128445.1
2142,120922.75,128822.27
2143,146644.03,142951.72
2144,100357.555,113467.695
2145,144272.22,120496.305
2146,173530.23,153217.77
2147,164940.12,185860.39
2148,141409.5,148342.69
2149,142438.23,158957.73
2150,231085.73,183102.02
2151,104813.91,105654.62
2152,177808.45,152222.67
2153,189766.36,195717.42
2154,96910.96,87474.664
2155,139816.77,132256.64
2156,252289.8,279798.6
2157,249003.11,238340.73
2158,232666.08,203473.89
2159,212660.7,176081.2
2160,198838.62,144121.67
2161,249763.02,229100.11
2162,372585.2,378060.5
2163,341650.03,280373.28
2164,246356.88,225674.45
2165,196992.1,187495.17
2166,163433.2,145496.61
2167,223957.48,212256.36
2168,196095.03,195252.2
2169,195589.53,178267.77
2170,215547.78,57657.246
2171,157206.38,147192.06
2172,142381.75,151399.05
2173,180642.14,152999.98
2174,231193.8,221344.67
2175,281313.8,253513.77
2176,290751.03,259565.83
2177,238121.27,218421.05
2178,222075.05,190576.33
2179,145890.25,126592.57
2180,224894.67,241787.92
2181,196057.58,163689.17
2182,227251.1,210630.45
2183,193839.66,166563.14
2184,118576.28,135915.33
2185,119447.7,124565.07
2186,158844.77,148351.4
2187,154099.73,151838.11
2188,155768.6,141231.12
2189,309278.22,242546.73
2190,63907.434,59966.887
2191,62352.547,62256.793
2192,74128.23,70073.695
2193,113980.64,85085.52
2194,116813.67,67915.1
2195,89966.14,20041.09
2196,85675.64,87767.35
2197,116255.125,106009.336
2198,164239.78,142353.39
2199,192611.08,192088.67
2200,148955.27,134006.55
2201,147892.4,123470.57
2202,184216.28,135090.0
2203,144811.36,162250.92
2204,165590.08,160246.98
2205,102903.47,119696.12
2206,144553.45,144941.58
2207,211107.16,183645.17
2208,253777.62,202845.45
2209,231454.81,196495.2
2210,118549.48,119195.21
2211,118261.664,90401.88
2212,112590.97,97994.13
2213,99069.78,88541.51
2214,135425.9,140729.12
2215,97816.45,91967.74
2216,145691.42,177887.58
2217,61320.27,65951.99
2218,60907.4,89065.65
2219,62494.414,78420.63
2220,51207.297,65020.027
2221,293411.72,224993.7
2222,275322.97,216345.3
2223,296941.34,260685.64
2224,228262.95,218861.61
2225,125395.78,136468.56
2226,201921.98,220896.55
2227,216318.75,198814.48
2228,275591.34,226899.52
2229,253299.81,200146.3
2230,155363.31,124500.76
2231,220050.45,175675.11
2232,201545.05,168265.92
2233,194078.5,188648.8
2234,255138.36,202293.17
2235,228361.03,206832.77
2236,263286.28,219960.36
2237,324990.56,309280.47
2238,219304.36,204948.89
2239,107705.56,102531.305
2240,165803.1,150024.73
2241,152264.5,185073.73
2242,128208.78,129477.68
2243,127564.09,121656.88
2244,103522.5,95286.65
2245,94311.77,94723.1
2246,123661.305,109079.07
2247,134051.0,95108.21
2248,118157.62,111617.13
2249,112604.734,100267.664
2250,120603.11,118932.086
2251,103148.695,108325.055
2252,201396.02,203460.48
2253,162953.89,119835.41
2254,179815.34,157474.39
2255,206228.53,192971.23
2256,170734.27,153330.48
2257,215269.97,211768.2
2258,157137.28,138345.36
2259,185376.28,170700.33
2260,156893.02,139458.14
2261,192677.94,145519.84
2262,202278.97,156307.61
2263,337087.22,275423.2
2264,416673.28,354222.44
2265,181360.44,159331.02
2266,272600.8,202259.11
2267,350864.88,342447.47
2268,357144.12,280880.72
2269,159878.56,141419.75
2270,202106.23,176944.23
2271,219532.0,216004.98
2272,219340.69,222681.33
2273,162537.89,166397.05
2274,201042.58,195151.39
2275,183655.34,193783.39
2276,183202.89,190899.7
2277,189732.11,197194.55
2278,159278.31,170486.17
2279,114871.85,116083.484
2280,100189.12,101647.734
2281,177590.25,155034.73
2282,190846.84,164304.48
2283,109890.47,125280.25
2284,109628.8,109010.016
2285,125522.64,122901.75
2286,117695.31,124061.03
2287,331942.84,265255.75
2288,281802.66,234051.7
2289,330986.56,294648.84
2290,383768.75,352707.56
2291,313675.16,252796.33
2292,378651.8,313954.88
2293,398582.62,355201.88
2294,348740.56,307680.0
2295,418755.3,383612.28
2296,273909.97,233721.92
2297,324877.3,252369.17
2298,328146.38,261403.23
2299,339043.12,328605.3
2300,313141.72,290548.66
2301,303825.7,236799.48
2302,257371.75,245701.8
2303,244279.92,214136.45
2304,246970.06,214051.61
2305,210957.67,186423.39
2306,205403.88,188872.3
2307,217247.61,179750.42
2308,224403.72,192516.02
2309,276663.0,219198.23
2310,220077.34,161180.83
2311,223767.52,187927.8
2312,188026.02,155453.23
2313,183220.0,149798.62
2314,178594.89,145522.7
2315,193347.27,150401.66
2316,210724.77,155543.33
2317,195894.77,98098.266
2318,188626.03,150835.75
2319,191011.06,145419.7
2320,184193.08,145711.05
2321,246292.86,207469.77
2322,199171.6,152052.2
2323,187881.95,132209.31
2324,198477.73,130654.25
2325,220370.45,179884.95
2326,183447.39,128207.58
2327,208797.66,177811.05
2328,228736.84,203062.14
2329,199570.11,170901.67
2330,197554.45,182623.55
2331,332722.4,324572.38
2332,341539.5,328223.38
2333,299260.75,287068.53
2334,256840.8,239720.8
2335,273879.25,232217.67
2336,299478.0,322100.78
2337,197261.6,171271.27
2338,266229.78,244559.67
2339,230952.11,193630.77
2340,366190.53,332517.03
2341,232899.11,179269.2
2342,234932.97,201007.23
2343,242140.3,216283.86
2344,219322.14,204183.64
2345,233090.17,214171.17
2346,208933.4,169198.45
2347,199142.16,166115.45
2348,237422.9,197819.64
2349,192821.66,155218.17
2350,300734.97,237707.27
2351,252676.89,193011.55
2352,252501.94,221670.67
2353,264022.9,265978.72
2354,144976.4,108682.75
2355,146121.66,112038.89
2356,159844.08,154141.7
2357,199806.72,181159.02
2358,192481.84,184941.14
2359,130065.484,119531.11
2360,107115.125,113547.734
2361,156098.88,165528.8
2362,258723.45,259815.05
2363,129927.375,143268.03
2364,178996.67,173097.08
2365,223450.48,180464.7
2366,195692.81,135439.44
2367,212012.06,169484.7
2368,218629.42,169456.17
2369,208961.81,169876.08
2370,180188.28,162965.42
2371,160721.8,156256.02
2372,193458.44,180388.58
2373,282689.8,227929.42
2374,303734.97,296349.94
2375,234357.62,183751.17
2376,297569.56,298803.12
2377,309973.8,309441.12
2378,149989.98,127261.8
2379,224624.3,258012.23
2380,140877.34,141998.3
2381,184853.05,186713.39
2382,219582.17,189555.42
2383,208429.77,192441.27
2384,252184.0,230647.45
2385,167559.12,143942.81
2386,124021.14,134793.81
2387,124244.72,124163.875
2388,106171.59,95926.19
2389,123013.96,125875.375
2390,146344.06,136779.03
2391,146588.62,166212.8
2392,105937.984,95073.25
2393,171774.84,157092.08
2394,136291.77,135417.64
2395,219234.5,221355.8
2396,138049.44,138341.38
2397,223581.25,211795.73
2398,141118.73,134579.64
2399,56618.113,66552.91
2400,57445.723,-7380.2476
2401,114561.375,104731.3
2402,139317.81,135723.11
2403,144084.94,180859.61
2404,154489.06,139162.0
2405,172608.95,169521.08
2406,138019.66,128843.56
2407,121596.984,123979.59
2408,149512.14,164588.92
2409,111111.08,122393.84
2410,189152.23,196797.14
2411,104817.48,107756.375
2412,152167.8,159831.55
2413,118493.72,128209.33
2414,150929.48,120648.36
2415,136551.52,166673.83
2416,118276.16,118427.8
2417,122922.36,113928.25
2418,129379.67,109855.61
2419,125017.84,143048.69
2420,122389.68,126608.89
2421,139445.42,129974.766
2422,102640.8,104724.39
2423,133930.58,124787.125
2424,163804.27,135685.72
2425,253140.02,282312.9
2426,159255.47,165666.23
2427,131400.33,114740.06
2428,195764.81,187793.14
2429,94234.61,93875.984
2430,127240.484,121611.45
2431,109266.31,130447.03
2432,144933.69,118608.81
2433,145315.47,140678.94
2434,137291.69,138878.47
2435,160957.34,162485.58
2436,101617.25,70512.2
2437,86661.35,101315.78
2438,112880.14,98918.56
2439,114426.47,114239.11
2440,124973.84,135625.02
2441,105712.62,113725.28
2442,99985.41,93055.625
2443,141612.75,126917.234
2444,149355.12,135561.02
2445,77471.914,90980.75
2446,142509.58,139660.55
2447,208618.86,188673.73
2448,137304.89,140751.2
2449,111068.29,130076.81
2450,162536.05,168287.83
2451,138664.3,127548.36
2452,202615.92,199960.42
2453,85271.8,73725.375
2454,134056.81,95673.8
2455,147059.98,119969.81
2456,125096.11,141627.31
2457,129165.625,102380.14
2458,124292.07,108679.86
2459,103680.67,80066.47
2460,161039.7,157390.95
2461,119894.53,111402.625
2462,135981.86,125928.734
2463,122425.016,127908.81
2464,182109.02,193295.48
2465,137706.58,136314.73
2466,108631.086,133161.98
2467,158465.2,138321.05
2468,85039.43,90890.14
2469,74825.19,100470.08
2470,209006.75,214739.11
2471,214689.02,197524.17
2472,176470.3,210232.8
2473,110709.734,123146.61
2474,66277.68,118095.06
2475,222789.31,229210.23
2476,91387.25,100543.72
2477,104024.75,99827.42
2478,158863.48,171646.27
2479,94014.984,121559.64
2480,152112.73,124321.66
2481,120074.58,136694.25
2482,119832.305,113018.47
2483,91382.9,99263.64
2484,132660.33,150070.66
2485,114895.984,117264.516
2486,154621.88,142289.61
2487,224048.53,238357.67
2488,171300.67,125670.91
2489,159218.17,138708.23
2490,145813.8,146405.6
2491,93070.56,79302.44
2492,198114.55,189820.2
2493,166385.64,132634.9
2494,152652.06,174964.45
2495,73081.06,96403.91
2496,251278.89,238205.92
2497,147298.44,168038.2
2498,100776.17,107280.266
2499,86029.914,65079.723
2500,121534.984,115478.34
2501,127439.89,135401.56
2502,154602.4,142308.61
2503,95456.43,115289.375
2504,198235.19,82601.625
2505,226505.34,199928.58
2506,267776.88,242568.11
2507,287636.78,262619.03
2508,265701.9,241496.73
2509,230078.52,214082.08
2510,227507.72,201170.11
2511,182874.62,155656.14
2512,210241.62,188100.08
2513,232334.64,232550.95
2514,249656.9,209786.83
2515,150513.81,150338.95
2516,185365.39,151936.45
2517,151224.55,132701.03
2518,158945.98,130159.28
2519,228943.0,205531.36
2520,223084.69,198627.95
2521,191420.98,166688.33
2522,234203.22,211906.61
2523,108470.5,115183.58
2524,141509.27,127267.69
2525,146803.3,137637.03
2526,141014.3,154798.77
2527,100322.47,96992.11
2528,115901.45,116062.875
2529,143178.55,138162.12
2530,127849.31,140301.95
2531,255978.8,237810.48
2532,231307.34,207638.67
2533,212108.34,201334.98
2534,240304.58,216278.08
2535,277951.4,275192.1
2536,240016.64,228046.14
2537,237991.53,192872.48
2538,192091.12,153700.98
2539,195582.11,169119.61
2540,193914.62,150161.72
2541,193908.03,156019.8
2542,170582.7,141327.84
2543,122041.17,128939.0
2544,109167.77,137441.89
2545,144012.08,146132.62
2546,131066.75,157691.73
2547,151656.55,143259.73
2548,158440.12,164869.64
2549,175208.12,153989.77
2550,639258.56,119046.16
2551,141516.88,113839.125
2552,131964.25,124977.375
2553,56105.1,65208.52
2554,82253.77,101377.78
2555,115355.89,83768.59
2556,84113.64,88660.234
2557,103744.72,132338.94
2558,180235.6,147891.38
2559,121662.66,136566.4
2560,172317.27,115598.81
2561,142401.44,101697.375
2562,139377.17,119464.0
2563,138023.11,112205.3
2564,196866.48,162113.92
2565,168670.94,107941.89
2566,164525.89,139984.98
2567,125805.7,132783.55
2568,224341.94,182042.39
2569,222407.5,167264.86
2570,116525.09,117739.08
2571,192975.14,189764.33
2572,147218.73,138430.6
2573,229352.53,233843.48
2574,253242.12,195842.2
2575,131310.17,149919.98
2576,137902.47,133469.55
2577,164246.73,139229.17
2578,70786.2,67832.266
2579,43422.63,41916.332
2580,104675.5,118688.58
2581,144875.31,173669.05
2582,127790.56,114757.56
2583,284722.84,231061.27
2584,175826.08,142893.97
2585,213851.2,199192.11
2586,224628.81,203575.14
2587,207735.1,195595.45
2588,137220.33,117729.875
2589,145703.27,146557.22
2590,231651.42,209427.39
2591,265670.38,249310.8
2592,219975.42,183466.64
2593,274049.25,192605.45
2594,173336.98,163180.02
2595,207934.06,175066.2
2596,311774.7,300071.62
2597,208989.5,185541.33
2598,282560.22,241165.42
2599,320065.1,262081.02
2600,200488.73,151380.45
2601,145918.86,123451.7
2602,68592.97,85327.84
2603,87795.805,94426.875
2604,84962.25,90949.75
2605,66231.43,83659.39
2606,148864.0,165074.67
2607,240109.42,237076.48
2608,221309.92,224786.64
2609,176899.56,168772.36
2610,100097.71,87016.84
2611,129945.96,175618.95
2612,164050.52,159099.86
2613,124514.69,113755.03
2614,108357.86,106716.375
2615,160977.22,168234.25
2616,167677.22,149519.22
2617,209217.02,254607.19
2618,245391.06,228688.81
2619,220619.48,219999.22
2620,204470.27,180588.31
2621,179337.36,155468.97
2622,192142.55,180691.56
2623,235942.17,207737.53
2624,304528.28,268103.47
2625,268595.2,251029.78
2626,183269.47,156542.34
2627,158728.7,139940.27
2628,388894.75,321441.06
2629,404608.53,350267.25
2630,328896.4,261291.78
2631,395002.25,337419.62
2632,361529.16,301410.75
2633,283724.75,221780.9
2634,372975.78,299707.53
2635,158589.97,159374.88
2636,186894.64,199027.25
2637,192876.53,183929.81
2638,261555.11,231072.4
2639,188680.75,185542.6
2640,157027.14,166114.4
2641,98214.484,121558.836
2642,191254.84,181958.78
2643,114959.375,126326.13
2644,125128.72,140650.42
2645,104525.516,104823.88
2646,92191.82,106007.086
2647,110023.836,134231.12
2648,135638.23,139786.61
2649,151049.9,121051.6
2650,116524.97,113997.29
2651,133761.97,137193.34
2652,351952.78,299644.84
2653,257551.22,221966.81
2654,262596.4,226691.81
2655,369944.78,329837.16
2656,316733.4,251978.0
2657,324329.2,261962.6
2658,291373.4,228993.72
2659,294069.22,239089.34
2660,333203.94,273200.47
2661,327939.4,285177.03
2662,343929.16,286337.28
2663,284763.7,246978.75
2664,267634.44,206805.69
2665,323628.8,285257.06
2666,285015.7,232163.16
2667,190872.78,137563.55
2668,190573.23,144374.52
2669,191390.2,148743.05
2670,274422.72,241775.44
2671,198639.88,149890.48
2672,207746.88,155998.69
2673,206457.47,177414.69
2674,214709.58,178242.78
2675,178400.89,130250.555
2676,204343.08,160662.75
2677,206440.2,185205.06
2678,250172.58,237534.38
2679,280212.1,258140.84
2680,276538.6,256202.25
2681,357580.34,355346.53
2682,308320.03,297642.0
2683,432432.88,436660.38
2684,301276.4,296755.88
2685,311579.94,317164.2
2686,264580.88,229759.94
2687,296140.84,244791.66
2688,214715.64,179563.0
2689,202034.39,162003.28
2690,359725.66,312683.97
2691,190750.44,174639.16
2692,143194.05,109728.01
2693,209217.61,182116.6
2694,138597.86,105444.82
2695,207162.88,179491.81
2696,192404.6,162994.1
2697,194384.61,200101.9
2698,209081.17,103317.62
2699,170335.61,166656.0
2700,148296.98,135878.2
2701,154228.89,138252.84
2702,118123.5,133941.75
2703,128309.08,123603.586
2704,149968.98,156555.12
2705,96399.734,112021.62
2706,85614.38,108035.68
2707,125006.25,132414.08
2708,117250.72,116679.15
2709,98626.56,95629.52
2710,119794.34,113644.055
2711,296686.22,230861.53
2712,367610.6,339530.88
2713,176283.22,145613.06
2714,149216.12,119650.88
2715,178444.11,167436.19
2716,148212.31,111581.18
2717,200525.69,165711.78
2718,220044.8,190828.1
2719,151750.53,147792.1
2720,191181.42,183559.81
2721,127597.234,138402.72
2722,164026.9,188174.12
2723,156499.38,153760.1
2724,113699.92,107529.086
2725,121140.94,130289.98
2726,142579.1,151554.69
2727,187124.53,125549.9
2728,186815.84,171330.4
2729,145112.61,132258.75
2730,140338.31,136629.23
2731,124130.484,106723.85
2732,126301.96,110860.055
2733,176621.97,160576.66
2734,154034.78,138378.94
2735,128814.89,136922.83
2736,143578.61,145111.36
2737,109242.67,92239.086
2738,126451.016,158985.66
2739,161027.39,151758.34
2740,144204.62,133824.31
2741,136754.6,143768.36
2742,177735.23,184389.97
2743,157101.27,158086.75
2744,171556.36,139975.38
2745,151009.42,132382.31
2746,130765.64,117473.12
2747,156233.02,149144.02
2748,111659.9,120015.87
2749,134197.9,126681.51
2750,113326.266,94584.68
2751,133885.27,110522.586
2752,221154.1,196865.4
2753,172427.06,188223.97
2754,280517.34,312162.9
2755,134626.56,147459.38
2756,96304.01,75192.664
2757,75303.484,104694.82
2758,84543.85,66342.46
2759,164859.39,146436.95
2760,132257.33,176600.1
2761,147524.45,152749.1
2762,134316.36,142427.03
2763,211898.28,217708.9
2764,160386.75,134639.17
2765,285377.3,252384.75
2766,121580.875,160403.6
2767,75689.47,72442.79
2768,115428.33,124998.71
2769,128257.34,133705.16
2770,144580.03,145374.12
2771,94091.48,101679.055
2772,102534.92,94464.38
2773,173553.64,170527.38
2774,139154.81,149925.83
2775,126951.36,135697.31
2776,147123.34,134348.38
2777,156288.73,155929.5
2778,111442.3,98376.32
2779,121295.52,154247.69
2780,94496.97,100645.77
2781,81097.09,82068.48
2782,81481.98,106804.805
2783,90092.836,108008.21
2784,122333.95,113421.76
2785,142504.69,136751.67
2786,52982.227,53820.9
2787,111745.164,118343.02
2788,62923.734,85649.74
2789,182274.58,188376.84
2790,98062.195,82261.37
2791,110359.94,-20236.584
2792,59100.664,79946.4
2793,157127.86,141346.08
2794,87962.95,105085.12
2795,114066.016,102518.73
2796,87534.305,79864.46
2797,200892.6,216401.66
2798,122649.41,139540.02
2799,116859.61,109814.77
2800,67410.44,67669.88
2801,98407.016,99143.82
2802,118151.414,125844.664
2803,158907.23,195260.03
2804,138008.53,78563.12
2805,104130.11,67256.695
2806,65129.32,84059.13
2807,162414.22,129574.35
2808,161974.94,173504.9
2809,107316.1,87671.35
2810,117864.305,122869.98
2811,181806.45,202027.12
2812,176878.28,168694.12
2813,157507.67,202187.84
2814,153703.28,206192.66
2815,109350.32,88106.445
2816,224922.1,215816.03
2817,167569.08,144310.48
2818,122377.69,121679.27
2819,187800.72,155957.19
2820,143466.58,163104.56
2821,116755.53,118805.805
2822,195450.77,197437.1
2823,317567.44,367425.3
2824,183302.11,210889.31
2825,189505.6,152258.72
2826,136322.08,112987.02
2827,127462.234,143592.8
2828,234733.44,244173.66
2829,221801.05,215390.66
2830,239618.45,212551.31
2831,192498.08,169833.06
2832,249328.9,220561.16
2833,289608.97,239461.4
2834,224011.94,191263.25
2835,231717.08,198797.06
2836,210973.55,199454.6
2837,165444.0,174102.38
2838,148566.64,125806.68
2839,187924.14,172560.44
2840,203789.7,188849.22
2841,203907.12,184888.12
2842,237204.11,207168.69
2843,146349.97,154236.38
2844,178089.44,181755.34
2845,112846.59,100482.79
2846,216061.17,209537.97
2847,219493.48,200147.75
2848,213505.77,178771.38
2849,202843.64,181879.1
2850,277888.44,258055.56
2851,218067.02,189687.44
2852,240566.89,219595.75
2853,242196.0,223238.06
2854,150270.0,125291.586
2855,209144.92,181798.06
2856,207201.34,175996.75
2857,191956.19,171580.12
2858,213244.44,180551.66
2859,107754.484,135354.83
2860,139100.42,116235.74
2861,128973.97,141953.3
2862,216757.95,196479.06
2863,133039.44,102162.29
2864,251568.61,215791.6
2865,143634.25,115792.71
2866,157989.95,149670.31
2867,80359.56,83823.48
2868,114136.34,126185.76
2869,102341.87,134758.27
2870,136963.22,164021.25
2871,90107.6,70902.51
2872,15310.875,43309.336
2873,96675.86,108606.12
2874,137842.7,144658.81
2875,104882.44,125253.805
2876,169998.89,160792.1
2877,123623.05,115752.586
2878,148306.0,125626.43
2879,135656.17,139848.88
2880,86259.45,114061.27
2881,137141.27,104456.04
2882,166990.81,164166.31
2883,191884.78,179747.72
2884,204248.75,161014.62
2885,174482.97,146891.2
2886,245976.75,229971.1
2887,103140.68,108367.54
2888,138085.73,136750.36
2889,48921.66,47452.227
2890,69478.51,74553.04
2891,140630.8,162405.06
2892,46390.215,39716.305
2893,71807.51,80853.98
2894,38977.35,59733.445
2895,310938.44,243166.84
2896,279047.34,224192.0
2897,210497.12,194605.12
2898,143698.17,176189.22
2899,211323.22,176128.6
2900,168157.1,153968.56
2901,211880.9,182617.25
2902,193676.97,182845.56
2903,317053.6,263383.94
2904,331638.75,273312.78
2905,79313.766,74555.38
2906,215993.3,206206.38
2907,111254.42,103689.13
2908,119344.5,104436.99
2909,140783.7,201495.06
2910,64701.914,54969.68
2911,71526.125,85393.57
2912,154467.95,150611.48
2913,69166.8,91249.805
2914,65441.51,74598.26
2915,76685.07,74062.15
2916,74730.44,88683.29
2917,195636.56,185112.34
2918,107480.266,64988.1
2919,239043.31,228077.22
